web-scraper-order,web-scraper-start-url,Linkitos,Linkitos-href
"1711752185-1","https://www.pexels.com/search/videos/poetry/?orientation=portrait","Download","https://www.pexels.com/download/video/7957514/"
"1711752185-2","https://www.pexels.com/search/videos/poetry/?orientation=portrait","Download","https://www.pexels.com/download/video/7958755/"
"1711752185-3","https://www.pexels.com/search/videos/poetry/?orientation=portrait","Download","https://www.pexels.com/download/video/7956436/"
"1711752185-4","https://www.pexels.com/search/videos/poetry/?orientation=portrait","Download","https://www.pexels.com/download/video/7956437/"
"1711752185-5","https://www.pexels.com/search/videos/poetry/?orientation=portrait","Download","https://www.pexels.com/download/video/7958302/"
"1711752185-6","https://www.pexels.com/search/videos/poetry/?orientation=portrait","Download","https://www.pexels.com/download/video/7957512/"
"1711752185-7","https://www.pexels.com/search/videos/poetry/?orientation=portrait","Download","https://www.pexels.com/download/video/7957515/"
"1711752185-8","https://www.pexels.com/search/videos/poetry/?orientation=portrait","Download","https://www.pexels.com/download/video/7957647/"
"1711752185-9","https://www.pexels.com/search/videos/poetry/?orientation=portrait","Download","https://www.pexels.com/download/video/7958066/"
"1711752185-10","https://www.pexels.com/search/videos/poetry/?orientation=portrait","Download","https://www.pexels.com/download/video/20749340/"
"1711752185-11","https://www.pexels.com/search/videos/poetry/?orientation=portrait","Download","https://www.pexels.com/download/video/20334315/"
"1711752185-12","https://www.pexels.com/search/videos/poetry/?orientation=portrait","Download","https://www.pexels.com/download/video/16268690/"
"1711752185-13","https://www.pexels.com/search/videos/poetry/?orientation=portrait","Download","https://www.pexels.com/download/video/17279610/"
"1711752185-14","https://www.pexels.com/search/videos/poetry/?orientation=portrait","Download","https://www.pexels.com/download/video/18517670/"
"1711752185-15","https://www.pexels.com/search/videos/poetry/?orientation=portrait","Download","https://www.pexels.com/download/video/16430428/"
"1711752185-16","https://www.pexels.com/search/videos/poetry/?orientation=portrait","Download","https://www.pexels.com/download/video/16365873/"
"1711752185-17","https://www.pexels.com/search/videos/poetry/?orientation=portrait","Download","https://www.pexels.com/download/video/6037432/"
"1711752185-18","https://www.pexels.com/search/videos/poetry/?orientation=portrait","Download","https://www.pexels.com/download/video/6037660/"
"1711752185-19","https://www.pexels.com/search/videos/poetry/?orientation=portrait","Download","https://www.pexels.com/download/video/7956446/"
"1711752185-20","https://www.pexels.com/search/videos/poetry/?orientation=portrait","Download","https://www.pexels.com/download/video/7958069/"
"1711752185-21","https://www.pexels.com/search/videos/poetry/?orientation=portrait","Download","https://www.pexels.com/download/video/7956442/"
"1711752185-22","https://www.pexels.com/search/videos/poetry/?orientation=portrait","Download","https://www.pexels.com/download/video/7957513/"
"1711752185-23","https://www.pexels.com/search/videos/poetry/?orientation=portrait","Download","https://www.pexels.com/download/video/7956441/"
"1711752185-24","https://www.pexels.com/search/videos/poetry/?orientation=portrait","Download","https://www.pexels.com/download/video/7958059/"
"1711752185-25","https://www.pexels.com/search/videos/poetry/?orientation=portrait","Download","https://www.pexels.com/download/video/7967708/"
"1711752185-26","https://www.pexels.com/search/videos/poetry/?orientation=portrait","Download","https://www.pexels.com/download/video/20393301/"
"1711752185-27","https://www.pexels.com/search/videos/poetry/?orientation=portrait","Download","https://www.pexels.com/download/video/20740344/"
"1711752185-28","https://www.pexels.com/search/videos/poetry/?orientation=portrait","Download","https://www.pexels.com/download/video/17279611/"
"1711752185-29","https://www.pexels.com/search/videos/poetry/?orientation=portrait","Download","https://www.pexels.com/download/video/17304090/"
"1711752185-30","https://www.pexels.com/search/videos/poetry/?orientation=portrait","Download","https://www.pexels.com/download/video/16614150/"
"1711752185-31","https://www.pexels.com/search/videos/poetry/?orientation=portrait","Download","https://www.pexels.com/download/video/20358202/"
"1711752185-32","https://www.pexels.com/search/videos/poetry/?orientation=portrait","Download","https://www.pexels.com/download/video/6037653/"
"1711752185-33","https://www.pexels.com/search/videos/poetry/?orientation=portrait","Download","https://www.pexels.com/download/video/8165479/"
"1711752185-34","https://www.pexels.com/search/videos/poetry/?orientation=portrait","Download","https://www.pexels.com/download/video/7957503/"
"1711752185-35","https://www.pexels.com/search/videos/poetry/?orientation=portrait","Download","https://www.pexels.com/download/video/7958306/"
"1711752185-36","https://www.pexels.com/search/videos/poetry/?orientation=portrait","Download","https://www.pexels.com/download/video/9586236/"
"1711752185-37","https://www.pexels.com/search/videos/poetry/?orientation=portrait","Download","https://www.pexels.com/download/video/7957520/"
"1711752185-38","https://www.pexels.com/search/videos/poetry/?orientation=portrait","Download","https://www.pexels.com/download/video/7957649/"
"1711752185-39","https://www.pexels.com/search/videos/poetry/?orientation=portrait","Download","https://www.pexels.com/download/video/7956438/"
"1711752185-40","https://www.pexels.com/search/videos/poetry/?orientation=portrait","Download","https://www.pexels.com/download/video/20032272/"
"1711752185-41","https://www.pexels.com/search/videos/poetry/?orientation=portrait","Download","https://www.pexels.com/download/video/15319371/"
"1711752185-42","https://www.pexels.com/search/videos/poetry/?orientation=portrait","Download","https://www.pexels.com/download/video/20032387/"
"1711752185-43","https://www.pexels.com/search/videos/poetry/?orientation=portrait","Download","https://www.pexels.com/download/video/20358433/"
"1711752185-44","https://www.pexels.com/search/videos/poetry/?orientation=portrait","Download","https://www.pexels.com/download/video/20422528/"
"1711752185-45","https://www.pexels.com/search/videos/poetry/?orientation=portrait","Download","https://www.pexels.com/download/video/20475963/"
