web-scraper-order,web-scraper-start-url,Download,Download-href
"1711315315-1","https://www.pexels.com/search/videos/waterfall/?orientation=portrait","Download","https://www.pexels.com/download/video/1897274/"
"1711315315-2","https://www.pexels.com/search/videos/waterfall/?orientation=portrait","Download","https://www.pexels.com/download/video/8859853/"
"1711315315-3","https://www.pexels.com/search/videos/waterfall/?orientation=portrait","Download","https://www.pexels.com/download/video/8242987/"
"1711315315-4","https://www.pexels.com/search/videos/waterfall/?orientation=portrait","Download","https://www.pexels.com/download/video/4762374/"
"1711315315-5","https://www.pexels.com/search/videos/waterfall/?orientation=portrait","Download","https://www.pexels.com/download/video/8859849/"
"1711315315-6","https://www.pexels.com/search/videos/waterfall/?orientation=portrait","Download","https://www.pexels.com/download/video/1066953/"
"1711315315-7","https://www.pexels.com/search/videos/waterfall/?orientation=portrait","Download","https://www.pexels.com/download/video/6573052/"
"1711315315-8","https://www.pexels.com/search/videos/waterfall/?orientation=portrait","Download","https://www.pexels.com/download/video/5631488/"
"1711315315-9","https://www.pexels.com/search/videos/waterfall/?orientation=portrait","Download","https://www.pexels.com/download/video/5826921/"
"1711315315-10","https://www.pexels.com/search/videos/waterfall/?orientation=portrait","Download","https://www.pexels.com/download/video/3775897/"
"1711315315-11","https://www.pexels.com/search/videos/waterfall/?orientation=portrait","Download","https://www.pexels.com/download/video/5385955/"
"1711315315-12","https://www.pexels.com/search/videos/waterfall/?orientation=portrait","Download","https://www.pexels.com/download/video/10643924/"
"1711315315-13","https://www.pexels.com/search/videos/waterfall/?orientation=portrait","Download","https://www.pexels.com/download/video/5386411/"
"1711315315-14","https://www.pexels.com/search/videos/waterfall/?orientation=portrait","Download","https://www.pexels.com/download/video/5873371/"
"1711315315-15","https://www.pexels.com/search/videos/waterfall/?orientation=portrait","Download","https://www.pexels.com/download/video/13008673/"
"1711315315-16","https://www.pexels.com/search/videos/waterfall/?orientation=portrait","Download","https://www.pexels.com/download/video/5147374/"
"1711315315-17","https://www.pexels.com/search/videos/waterfall/?orientation=portrait","Download","https://www.pexels.com/download/video/4762837/"
"1711315315-18","https://www.pexels.com/search/videos/waterfall/?orientation=portrait","Download","https://www.pexels.com/download/video/16041313/"
"1711315315-19","https://www.pexels.com/search/videos/waterfall/?orientation=portrait","Download","https://www.pexels.com/download/video/5415934/"
"1711315315-20","https://www.pexels.com/search/videos/waterfall/?orientation=portrait","Download","https://www.pexels.com/download/video/5840478/"
"1711315315-21","https://www.pexels.com/search/videos/waterfall/?orientation=portrait","Download","https://www.pexels.com/download/video/12072224/"
"1711315315-22","https://www.pexels.com/search/videos/waterfall/?orientation=portrait","Download","https://www.pexels.com/download/video/5178596/"
"1711315315-23","https://www.pexels.com/search/videos/waterfall/?orientation=portrait","Download","https://www.pexels.com/download/video/5873180/"
"1711315315-24","https://www.pexels.com/search/videos/waterfall/?orientation=portrait","Download","https://www.pexels.com/download/video/12667180/"
"1711315315-25","https://www.pexels.com/search/videos/waterfall/?orientation=portrait","Download","https://www.pexels.com/download/video/5818386/"
"1711315315-26","https://www.pexels.com/search/videos/waterfall/?orientation=portrait","Download","https://www.pexels.com/download/video/6218882/"
"1711315315-27","https://www.pexels.com/search/videos/waterfall/?orientation=portrait","Download","https://www.pexels.com/download/video/5037009/"
"1711315315-28","https://www.pexels.com/search/videos/waterfall/?orientation=portrait","Download","https://www.pexels.com/download/video/6801387/"
"1711315315-29","https://www.pexels.com/search/videos/waterfall/?orientation=portrait","Download","https://www.pexels.com/download/video/8859841/"
"1711315315-30","https://www.pexels.com/search/videos/waterfall/?orientation=portrait","Download","https://www.pexels.com/download/video/5218422/"
"1711315315-31","https://www.pexels.com/search/videos/waterfall/?orientation=portrait","Download","https://www.pexels.com/download/video/5386142/"
"1711315315-32","https://www.pexels.com/search/videos/waterfall/?orientation=portrait","Download","https://www.pexels.com/download/video/1413994/"
"1711315315-33","https://www.pexels.com/search/videos/waterfall/?orientation=portrait","Download","https://www.pexels.com/download/video/15823040/"
"1711315315-34","https://www.pexels.com/search/videos/waterfall/?orientation=portrait","Download","https://www.pexels.com/download/video/14866029/"
"1711315315-35","https://www.pexels.com/search/videos/waterfall/?orientation=portrait","Download","https://www.pexels.com/download/video/16754842/"
"1711315315-36","https://www.pexels.com/search/videos/waterfall/?orientation=portrait","Download","https://www.pexels.com/download/video/11300424/"
"1711315315-37","https://www.pexels.com/search/videos/waterfall/?orientation=portrait","Download","https://www.pexels.com/download/video/12052123/"
"1711315315-38","https://www.pexels.com/search/videos/waterfall/?orientation=portrait","Download","https://www.pexels.com/download/video/12091512/"
"1711315315-39","https://www.pexels.com/search/videos/waterfall/?orientation=portrait","Download","https://www.pexels.com/download/video/10181039/"
"1711315315-40","https://www.pexels.com/search/videos/waterfall/?orientation=portrait","Download","https://www.pexels.com/download/video/15170291/"
"1711315315-41","https://www.pexels.com/search/videos/waterfall/?orientation=portrait","Download","https://www.pexels.com/download/video/12959823/"
"1711315315-42","https://www.pexels.com/search/videos/waterfall/?orientation=portrait","Download","https://www.pexels.com/download/video/13235424/"
"1711315315-43","https://www.pexels.com/search/videos/waterfall/?orientation=portrait","Download","https://www.pexels.com/download/video/15170290/"
"1711315315-44","https://www.pexels.com/search/videos/waterfall/?orientation=portrait","Download","https://www.pexels.com/download/video/10297365/"
"1711315315-45","https://www.pexels.com/search/videos/waterfall/?orientation=portrait","Download","https://www.pexels.com/download/video/8830458/"
"1711315315-46","https://www.pexels.com/search/videos/waterfall/?orientation=portrait","Download","https://www.pexels.com/download/video/13834647/"
"1711315315-47","https://www.pexels.com/search/videos/waterfall/?orientation=portrait","Download","https://www.pexels.com/download/video/13229312/"
"1711315315-48","https://www.pexels.com/search/videos/waterfall/?orientation=portrait","Download","https://www.pexels.com/download/video/7365597/"
"1711315315-49","https://www.pexels.com/search/videos/waterfall/?orientation=portrait","Download","https://www.pexels.com/download/video/9538540/"
"1711315315-50","https://www.pexels.com/search/videos/waterfall/?orientation=portrait","Download","https://www.pexels.com/download/video/12374022/"
"1711315315-51","https://www.pexels.com/search/videos/waterfall/?orientation=portrait","Download","https://www.pexels.com/download/video/11567869/"
"1711315315-52","https://www.pexels.com/search/videos/waterfall/?orientation=portrait","Download","https://www.pexels.com/download/video/12151836/"
"1711315315-53","https://www.pexels.com/search/videos/waterfall/?orientation=portrait","Download","https://www.pexels.com/download/video/8757106/"
"1711315315-54","https://www.pexels.com/search/videos/waterfall/?orientation=portrait","Download","https://www.pexels.com/download/video/13629023/"
"1711315315-55","https://www.pexels.com/search/videos/waterfall/?orientation=portrait","Download","https://www.pexels.com/download/video/16039291/"
"1711315315-56","https://www.pexels.com/search/videos/waterfall/?orientation=portrait","Download","https://www.pexels.com/download/video/10592997/"
"1711315315-57","https://www.pexels.com/search/videos/waterfall/?orientation=portrait","Download","https://www.pexels.com/download/video/12481756/"
"1711315315-58","https://www.pexels.com/search/videos/waterfall/?orientation=portrait","Download","https://www.pexels.com/download/video/10800449/"
"1711315315-59","https://www.pexels.com/search/videos/waterfall/?orientation=portrait","Download","https://www.pexels.com/download/video/15788079/"
"1711315315-60","https://www.pexels.com/search/videos/waterfall/?orientation=portrait","Download","https://www.pexels.com/download/video/11260390/"
"1711315315-61","https://www.pexels.com/search/videos/waterfall/?orientation=portrait","Download","https://www.pexels.com/download/video/10382694/"
"1711315315-62","https://www.pexels.com/search/videos/waterfall/?orientation=portrait","Download","https://www.pexels.com/download/video/10524965/"
"1711315315-63","https://www.pexels.com/search/videos/waterfall/?orientation=portrait","Download","https://www.pexels.com/download/video/10297383/"
"1711315315-64","https://www.pexels.com/search/videos/waterfall/?orientation=portrait","Download","https://www.pexels.com/download/video/11292536/"
"1711315315-65","https://www.pexels.com/search/videos/waterfall/?orientation=portrait","Download","https://www.pexels.com/download/video/10246449/"
"1711315315-66","https://www.pexels.com/search/videos/waterfall/?orientation=portrait","Download","https://www.pexels.com/download/video/12332420/"
"1711315315-67","https://www.pexels.com/search/videos/waterfall/?orientation=portrait","Download","https://www.pexels.com/download/video/10028304/"
"1711315315-68","https://www.pexels.com/search/videos/waterfall/?orientation=portrait","Download","https://www.pexels.com/download/video/11931784/"
"1711315315-69","https://www.pexels.com/search/videos/waterfall/?orientation=portrait","Download","https://www.pexels.com/download/video/15678516/"
"1711315315-70","https://www.pexels.com/search/videos/waterfall/?orientation=portrait","Download","https://www.pexels.com/download/video/8145664/"
"1711315315-71","https://www.pexels.com/search/videos/waterfall/?orientation=portrait","Download","https://www.pexels.com/download/video/11402785/"
"1711315315-72","https://www.pexels.com/search/videos/waterfall/?orientation=portrait","Download","https://www.pexels.com/download/video/9847162/"
"1711315315-73","https://www.pexels.com/search/videos/waterfall/?orientation=portrait","Download","https://www.pexels.com/download/video/10172938/"
"1711315315-74","https://www.pexels.com/search/videos/waterfall/?orientation=portrait","Download","https://www.pexels.com/download/video/10382689/"
"1711315315-75","https://www.pexels.com/search/videos/waterfall/?orientation=portrait","Download","https://www.pexels.com/download/video/10080669/"
"1711315315-76","https://www.pexels.com/search/videos/waterfall/?orientation=portrait","Download","https://www.pexels.com/download/video/13025731/"
"1711315315-77","https://www.pexels.com/search/videos/waterfall/?orientation=portrait","Download","https://www.pexels.com/download/video/9423825/"
"1711315315-78","https://www.pexels.com/search/videos/waterfall/?orientation=portrait","Download","https://www.pexels.com/download/video/11551761/"
"1711315315-79","https://www.pexels.com/search/videos/waterfall/?orientation=portrait","Download","https://www.pexels.com/download/video/12332421/"
"1711315315-80","https://www.pexels.com/search/videos/waterfall/?orientation=portrait","Download","https://www.pexels.com/download/video/9742145/"
"1711315315-81","https://www.pexels.com/search/videos/waterfall/?orientation=portrait","Download","https://www.pexels.com/download/video/11358732/"
"1711315315-82","https://www.pexels.com/search/videos/waterfall/?orientation=portrait","Download","https://www.pexels.com/download/video/12243558/"
"1711315315-83","https://www.pexels.com/search/videos/waterfall/?orientation=portrait","Download","https://www.pexels.com/download/video/12917973/"
"1711315315-84","https://www.pexels.com/search/videos/waterfall/?orientation=portrait","Download","https://www.pexels.com/download/video/16050070/"
"1711315315-85","https://www.pexels.com/search/videos/waterfall/?orientation=portrait","Download","https://www.pexels.com/download/video/10597294/"
"1711315315-86","https://www.pexels.com/search/videos/waterfall/?orientation=portrait","Download","https://www.pexels.com/download/video/15103737/"
"1711315315-87","https://www.pexels.com/search/videos/waterfall/?orientation=portrait","Download","https://www.pexels.com/download/video/10382687/"
"1711315315-88","https://www.pexels.com/search/videos/waterfall/?orientation=portrait","Download","https://www.pexels.com/download/video/10181043/"
"1711315315-89","https://www.pexels.com/search/videos/waterfall/?orientation=portrait","Download","https://www.pexels.com/download/video/11176071/"
"1711315315-90","https://www.pexels.com/search/videos/waterfall/?orientation=portrait","Download","https://www.pexels.com/download/video/13878296/"
"1711315315-91","https://www.pexels.com/search/videos/waterfall/?orientation=portrait","Download","https://www.pexels.com/download/video/9645892/"
"1711315315-92","https://www.pexels.com/search/videos/waterfall/?orientation=portrait","Download","https://www.pexels.com/download/video/12383289/"
"1711315315-93","https://www.pexels.com/search/videos/waterfall/?orientation=portrait","Download","https://www.pexels.com/download/video/10028328/"
"1711315315-94","https://www.pexels.com/search/videos/waterfall/?orientation=portrait","Download","https://www.pexels.com/download/video/11931782/"
"1711315315-95","https://www.pexels.com/search/videos/waterfall/?orientation=portrait","Download","https://www.pexels.com/download/video/12332346/"
"1711315315-96","https://www.pexels.com/search/videos/waterfall/?orientation=portrait","Download","https://www.pexels.com/download/video/20752411/"
"1711315315-97","https://www.pexels.com/search/videos/waterfall/?orientation=portrait","Download","https://www.pexels.com/download/video/20752414/"
"1711315315-98","https://www.pexels.com/search/videos/waterfall/?orientation=portrait","Download","https://www.pexels.com/download/video/20752390/"
"1711315315-99","https://www.pexels.com/search/videos/waterfall/?orientation=portrait","Download","https://www.pexels.com/download/video/5022215/"
"1711315315-100","https://www.pexels.com/search/videos/waterfall/?orientation=portrait","Download","https://www.pexels.com/download/video/4937037/"
"1711315315-101","https://www.pexels.com/search/videos/waterfall/?orientation=portrait","Download","https://www.pexels.com/download/video/8242985/"
"1711315315-102","https://www.pexels.com/search/videos/waterfall/?orientation=portrait","Download","https://www.pexels.com/download/video/8969043/"
"1711315315-103","https://www.pexels.com/search/videos/waterfall/?orientation=portrait","Download","https://www.pexels.com/download/video/8859850/"
"1711315315-104","https://www.pexels.com/search/videos/waterfall/?orientation=portrait","Download","https://www.pexels.com/download/video/4084282/"
"1711315315-105","https://www.pexels.com/search/videos/waterfall/?orientation=portrait","Download","https://www.pexels.com/download/video/4079823/"
"1711315315-106","https://www.pexels.com/search/videos/waterfall/?orientation=portrait","Download","https://www.pexels.com/download/video/5828563/"
"1711315315-107","https://www.pexels.com/search/videos/waterfall/?orientation=portrait","Download","https://www.pexels.com/download/video/4195957/"
"1711315315-108","https://www.pexels.com/search/videos/waterfall/?orientation=portrait","Download","https://www.pexels.com/download/video/6085357/"
"1711315315-109","https://www.pexels.com/search/videos/waterfall/?orientation=portrait","Download","https://www.pexels.com/download/video/5033024/"
"1711315315-110","https://www.pexels.com/search/videos/waterfall/?orientation=portrait","Download","https://www.pexels.com/download/video/4434266/"
"1711315315-111","https://www.pexels.com/search/videos/waterfall/?orientation=portrait","Download","https://www.pexels.com/download/video/5262797/"
"1711315315-112","https://www.pexels.com/search/videos/waterfall/?orientation=portrait","Download","https://www.pexels.com/download/video/5924056/"
"1711315315-113","https://www.pexels.com/search/videos/waterfall/?orientation=portrait","Download","https://www.pexels.com/download/video/4513384/"
"1711315315-114","https://www.pexels.com/search/videos/waterfall/?orientation=portrait","Download","https://www.pexels.com/download/video/2421621/"
"1711315315-115","https://www.pexels.com/search/videos/waterfall/?orientation=portrait","Download","https://www.pexels.com/download/video/8859845/"
"1711315315-116","https://www.pexels.com/search/videos/waterfall/?orientation=portrait","Download","https://www.pexels.com/download/video/8243000/"
"1711315315-117","https://www.pexels.com/search/videos/waterfall/?orientation=portrait","Download","https://www.pexels.com/download/video/7232099/"
"1711315315-118","https://www.pexels.com/search/videos/waterfall/?orientation=portrait","Download","https://www.pexels.com/download/video/5855899/"
"1711315315-119","https://www.pexels.com/search/videos/waterfall/?orientation=portrait","Download","https://www.pexels.com/download/video/5873378/"
"1711315315-120","https://www.pexels.com/search/videos/waterfall/?orientation=portrait","Download","https://www.pexels.com/download/video/6494967/"
"1711315315-121","https://www.pexels.com/search/videos/waterfall/?orientation=portrait","Download","https://www.pexels.com/download/video/5580492/"
"1711315315-122","https://www.pexels.com/search/videos/waterfall/?orientation=portrait","Download","https://www.pexels.com/download/video/5037449/"
"1711315315-123","https://www.pexels.com/search/videos/waterfall/?orientation=portrait","Download","https://www.pexels.com/download/video/5141078/"
"1711315315-124","https://www.pexels.com/search/videos/waterfall/?orientation=portrait","Download","https://www.pexels.com/download/video/6514998/"
"1711315315-125","https://www.pexels.com/search/videos/waterfall/?orientation=portrait","Download","https://www.pexels.com/download/video/5385959/"
"1711315315-126","https://www.pexels.com/search/videos/waterfall/?orientation=portrait","Download","https://www.pexels.com/download/video/3775898/"
"1711315315-127","https://www.pexels.com/search/videos/waterfall/?orientation=portrait","Download","https://www.pexels.com/download/video/4762779/"
"1711315315-128","https://www.pexels.com/search/videos/waterfall/?orientation=portrait","Download","https://www.pexels.com/download/video/13600150/"
"1711315315-129","https://www.pexels.com/search/videos/waterfall/?orientation=portrait","Download","https://www.pexels.com/download/video/11260389/"
"1711315315-130","https://www.pexels.com/search/videos/waterfall/?orientation=portrait","Download","https://www.pexels.com/download/video/8859848/"
"1711315315-131","https://www.pexels.com/search/videos/waterfall/?orientation=portrait","Download","https://www.pexels.com/download/video/5386410/"
"1711315315-132","https://www.pexels.com/search/videos/waterfall/?orientation=portrait","Download","https://www.pexels.com/download/video/5386136/"
"1711315315-133","https://www.pexels.com/search/videos/waterfall/?orientation=portrait","Download","https://www.pexels.com/download/video/5386141/"
"1711315315-134","https://www.pexels.com/search/videos/waterfall/?orientation=portrait","Download","https://www.pexels.com/download/video/5873336/"
"1711315315-135","https://www.pexels.com/search/videos/waterfall/?orientation=portrait","Download","https://www.pexels.com/download/video/5818605/"
"1711315315-136","https://www.pexels.com/search/videos/waterfall/?orientation=portrait","Download","https://www.pexels.com/download/video/6183183/"
"1711315315-137","https://www.pexels.com/search/videos/waterfall/?orientation=portrait","Download","https://www.pexels.com/download/video/5386137/"
"1711315315-138","https://www.pexels.com/search/videos/waterfall/?orientation=portrait","Download","https://www.pexels.com/download/video/5385961/"
"1711315315-139","https://www.pexels.com/search/videos/waterfall/?orientation=portrait","Download","https://www.pexels.com/download/video/5873210/"
"1711315315-140","https://www.pexels.com/search/videos/waterfall/?orientation=portrait","Download","https://www.pexels.com/download/video/8858527/"
"1711315315-141","https://www.pexels.com/search/videos/waterfall/?orientation=portrait","Download","https://www.pexels.com/download/video/8859844/"
"1711315315-142","https://www.pexels.com/search/videos/waterfall/?orientation=portrait","Download","https://www.pexels.com/download/video/5385970/"
"1711315315-143","https://www.pexels.com/search/videos/waterfall/?orientation=portrait","Download","https://www.pexels.com/download/video/4852120/"
"1711315315-144","https://www.pexels.com/search/videos/waterfall/?orientation=portrait","Download","https://www.pexels.com/download/video/16754886/"
"1711315315-145","https://www.pexels.com/search/videos/waterfall/?orientation=portrait","Download","https://www.pexels.com/download/video/14883645/"
"1711315315-146","https://www.pexels.com/search/videos/waterfall/?orientation=portrait","Download","https://www.pexels.com/download/video/6842091/"
"1711315315-147","https://www.pexels.com/search/videos/waterfall/?orientation=portrait","Download","https://www.pexels.com/download/video/15446981/"
"1711315315-148","https://www.pexels.com/search/videos/waterfall/?orientation=portrait","Download","https://www.pexels.com/download/video/11931785/"
"1711315315-149","https://www.pexels.com/search/videos/waterfall/?orientation=portrait","Download","https://www.pexels.com/download/video/14236699/"
"1711315315-150","https://www.pexels.com/search/videos/waterfall/?orientation=portrait","Download","https://www.pexels.com/download/video/9920799/"
"1711315315-151","https://www.pexels.com/search/videos/waterfall/?orientation=portrait","Download","https://www.pexels.com/download/video/10762826/"
"1711315315-152","https://www.pexels.com/search/videos/waterfall/?orientation=portrait","Download","https://www.pexels.com/download/video/9715346/"
"1711315315-153","https://www.pexels.com/search/videos/waterfall/?orientation=portrait","Download","https://www.pexels.com/download/video/16754848/"
"1711315315-154","https://www.pexels.com/search/videos/waterfall/?orientation=portrait","Download","https://www.pexels.com/download/video/9538536/"
"1711315315-155","https://www.pexels.com/search/videos/waterfall/?orientation=portrait","Download","https://www.pexels.com/download/video/10297368/"
"1711315315-156","https://www.pexels.com/search/videos/waterfall/?orientation=portrait","Download","https://www.pexels.com/download/video/12933100/"
"1711315315-157","https://www.pexels.com/search/videos/waterfall/?orientation=portrait","Download","https://www.pexels.com/download/video/9036036/"
"1711315315-158","https://www.pexels.com/search/videos/waterfall/?orientation=portrait","Download","https://www.pexels.com/download/video/16039258/"
"1711315315-159","https://www.pexels.com/search/videos/waterfall/?orientation=portrait","Download","https://www.pexels.com/download/video/10963562/"
"1711315315-160","https://www.pexels.com/search/videos/waterfall/?orientation=portrait","Download","https://www.pexels.com/download/video/10382683/"
"1711315315-161","https://www.pexels.com/search/videos/waterfall/?orientation=portrait","Download","https://www.pexels.com/download/video/14538114/"
"1711315315-162","https://www.pexels.com/search/videos/waterfall/?orientation=portrait","Download","https://www.pexels.com/download/video/11598861/"
"1711315315-163","https://www.pexels.com/search/videos/waterfall/?orientation=portrait","Download","https://www.pexels.com/download/video/12317533/"
"1711315315-164","https://www.pexels.com/search/videos/waterfall/?orientation=portrait","Download","https://www.pexels.com/download/video/13356053/"
"1711315315-165","https://www.pexels.com/search/videos/waterfall/?orientation=portrait","Download","https://www.pexels.com/download/video/16754843/"
"1711315315-166","https://www.pexels.com/search/videos/waterfall/?orientation=portrait","Download","https://www.pexels.com/download/video/16619058/"
"1711315315-167","https://www.pexels.com/search/videos/waterfall/?orientation=portrait","Download","https://www.pexels.com/download/video/12042726/"
"1711315315-168","https://www.pexels.com/search/videos/waterfall/?orientation=portrait","Download","https://www.pexels.com/download/video/9973598/"
"1711315315-169","https://www.pexels.com/search/videos/waterfall/?orientation=portrait","Download","https://www.pexels.com/download/video/12383290/"
"1711315315-170","https://www.pexels.com/search/videos/waterfall/?orientation=portrait","Download","https://www.pexels.com/download/video/11260387/"
"1711315315-171","https://www.pexels.com/search/videos/waterfall/?orientation=portrait","Download","https://www.pexels.com/download/video/11260392/"
"1711315315-172","https://www.pexels.com/search/videos/waterfall/?orientation=portrait","Download","https://www.pexels.com/download/video/10456264/"
"1711315315-173","https://www.pexels.com/search/videos/waterfall/?orientation=portrait","Download","https://www.pexels.com/download/video/12705242/"
"1711315315-174","https://www.pexels.com/search/videos/waterfall/?orientation=portrait","Download","https://www.pexels.com/download/video/10306455/"
"1711315315-175","https://www.pexels.com/search/videos/waterfall/?orientation=portrait","Download","https://www.pexels.com/download/video/12130312/"
"1711315315-176","https://www.pexels.com/search/videos/waterfall/?orientation=portrait","Download","https://www.pexels.com/download/video/10362432/"
"1711315315-177","https://www.pexels.com/search/videos/waterfall/?orientation=portrait","Download","https://www.pexels.com/download/video/12392328/"
"1711315315-178","https://www.pexels.com/search/videos/waterfall/?orientation=portrait","Download","https://www.pexels.com/download/video/10041118/"
"1711315315-179","https://www.pexels.com/search/videos/waterfall/?orientation=portrait","Download","https://www.pexels.com/download/video/12263371/"
"1711315315-180","https://www.pexels.com/search/videos/waterfall/?orientation=portrait","Download","https://www.pexels.com/download/video/10601975/"
"1711315315-181","https://www.pexels.com/search/videos/waterfall/?orientation=portrait","Download","https://www.pexels.com/download/video/11268572/"
"1711315315-182","https://www.pexels.com/search/videos/waterfall/?orientation=portrait","Download","https://www.pexels.com/download/video/12017811/"
"1711315315-183","https://www.pexels.com/search/videos/waterfall/?orientation=portrait","Download","https://www.pexels.com/download/video/9848061/"
"1711315315-184","https://www.pexels.com/search/videos/waterfall/?orientation=portrait","Download","https://www.pexels.com/download/video/10382684/"
"1711315315-185","https://www.pexels.com/search/videos/waterfall/?orientation=portrait","Download","https://www.pexels.com/download/video/9972998/"
"1711315315-186","https://www.pexels.com/search/videos/waterfall/?orientation=portrait","Download","https://www.pexels.com/download/video/10344364/"
"1711315315-187","https://www.pexels.com/search/videos/waterfall/?orientation=portrait","Download","https://www.pexels.com/download/video/13540977/"
"1711315315-188","https://www.pexels.com/search/videos/waterfall/?orientation=portrait","Download","https://www.pexels.com/download/video/10362433/"
"1711315315-189","https://www.pexels.com/search/videos/waterfall/?orientation=portrait","Download","https://www.pexels.com/download/video/12328070/"
"1711315315-190","https://www.pexels.com/search/videos/waterfall/?orientation=portrait","Download","https://www.pexels.com/download/video/7214986/"
"1711315315-191","https://www.pexels.com/search/videos/waterfall/?orientation=portrait","Download","https://www.pexels.com/download/video/10529109/"
"1711315315-192","https://www.pexels.com/search/videos/waterfall/?orientation=portrait","Download","https://www.pexels.com/download/video/12230407/"
"1711315315-193","https://www.pexels.com/search/videos/waterfall/?orientation=portrait","Download","https://www.pexels.com/download/video/13640149/"
"1711315315-194","https://www.pexels.com/search/videos/waterfall/?orientation=portrait","Download","https://www.pexels.com/download/video/15786171/"
"1711315315-195","https://www.pexels.com/search/videos/waterfall/?orientation=portrait","Download","https://www.pexels.com/download/video/11500789/"
"1711315315-196","https://www.pexels.com/search/videos/waterfall/?orientation=portrait","Download","https://www.pexels.com/download/video/10382685/"
"1711315315-197","https://www.pexels.com/search/videos/waterfall/?orientation=portrait","Download","https://www.pexels.com/download/video/13466899/"
"1711315315-198","https://www.pexels.com/search/videos/waterfall/?orientation=portrait","Download","https://www.pexels.com/download/video/10307487/"
"1711315315-199","https://www.pexels.com/search/videos/waterfall/?orientation=portrait","Download","https://www.pexels.com/download/video/13700781/"
"1711315315-200","https://www.pexels.com/search/videos/waterfall/?orientation=portrait","Download","https://www.pexels.com/download/video/9602517/"
"1711315315-201","https://www.pexels.com/search/videos/waterfall/?orientation=portrait","Download","https://www.pexels.com/download/video/10246448/"
"1711315315-202","https://www.pexels.com/search/videos/waterfall/?orientation=portrait","Download","https://www.pexels.com/download/video/15678268/"
"1711315315-203","https://www.pexels.com/search/videos/waterfall/?orientation=portrait","Download","https://www.pexels.com/download/video/11500796/"
"1711315315-204","https://www.pexels.com/search/videos/waterfall/?orientation=portrait","Download","https://www.pexels.com/download/video/12243560/"
"1711315315-205","https://www.pexels.com/search/videos/waterfall/?orientation=portrait","Download","https://www.pexels.com/download/video/15200578/"
"1711315315-206","https://www.pexels.com/search/videos/waterfall/?orientation=portrait","Download","https://www.pexels.com/download/video/20752402/"
"1711315315-207","https://www.pexels.com/search/videos/waterfall/?orientation=portrait","Download","https://www.pexels.com/download/video/20752410/"
"1711315315-208","https://www.pexels.com/search/videos/waterfall/?orientation=portrait","Download","https://www.pexels.com/download/video/4936970/"
"1711315315-209","https://www.pexels.com/search/videos/waterfall/?orientation=portrait","Download","https://www.pexels.com/download/video/5492238/"
"1711315315-210","https://www.pexels.com/search/videos/waterfall/?orientation=portrait","Download","https://www.pexels.com/download/video/11179419/"
"1711315315-211","https://www.pexels.com/search/videos/waterfall/?orientation=portrait","Download","https://www.pexels.com/download/video/4936976/"
"1711315315-212","https://www.pexels.com/search/videos/waterfall/?orientation=portrait","Download","https://www.pexels.com/download/video/4434207/"
"1711315315-213","https://www.pexels.com/search/videos/waterfall/?orientation=portrait","Download","https://www.pexels.com/download/video/8242989/"
"1711315315-214","https://www.pexels.com/search/videos/waterfall/?orientation=portrait","Download","https://www.pexels.com/download/video/5386139/"
"1711315315-215","https://www.pexels.com/search/videos/waterfall/?orientation=portrait","Download","https://www.pexels.com/download/video/4936973/"
"1711315315-216","https://www.pexels.com/search/videos/waterfall/?orientation=portrait","Download","https://www.pexels.com/download/video/6414796/"
"1711315315-217","https://www.pexels.com/search/videos/waterfall/?orientation=portrait","Download","https://www.pexels.com/download/video/5454412/"
"1711315315-218","https://www.pexels.com/search/videos/waterfall/?orientation=portrait","Download","https://www.pexels.com/download/video/5925201/"
"1711315315-219","https://www.pexels.com/search/videos/waterfall/?orientation=portrait","Download","https://www.pexels.com/download/video/6006476/"
"1711315315-220","https://www.pexels.com/search/videos/waterfall/?orientation=portrait","Download","https://www.pexels.com/download/video/4241917/"
"1711315315-221","https://www.pexels.com/search/videos/waterfall/?orientation=portrait","Download","https://www.pexels.com/download/video/8858535/"
"1711315315-222","https://www.pexels.com/search/videos/waterfall/?orientation=portrait","Download","https://www.pexels.com/download/video/5096954/"
"1711315315-223","https://www.pexels.com/search/videos/waterfall/?orientation=portrait","Download","https://www.pexels.com/download/video/20730803/"
"1711315315-224","https://www.pexels.com/search/videos/waterfall/?orientation=portrait","Download","https://www.pexels.com/download/video/7297870/"
"1711315315-225","https://www.pexels.com/search/videos/waterfall/?orientation=portrait","Download","https://www.pexels.com/download/video/5345336/"
"1711315315-226","https://www.pexels.com/search/videos/waterfall/?orientation=portrait","Download","https://www.pexels.com/download/video/5385957/"
"1711315315-227","https://www.pexels.com/search/videos/waterfall/?orientation=portrait","Download","https://www.pexels.com/download/video/5147371/"
"1711315315-228","https://www.pexels.com/search/videos/waterfall/?orientation=portrait","Download","https://www.pexels.com/download/video/8859852/"
"1711315315-229","https://www.pexels.com/search/videos/waterfall/?orientation=portrait","Download","https://www.pexels.com/download/video/5734993/"
"1711315315-230","https://www.pexels.com/search/videos/waterfall/?orientation=portrait","Download","https://www.pexels.com/download/video/4762777/"
"1711315315-231","https://www.pexels.com/search/videos/waterfall/?orientation=portrait","Download","https://www.pexels.com/download/video/5835778/"
"1711315315-232","https://www.pexels.com/search/videos/waterfall/?orientation=portrait","Download","https://www.pexels.com/download/video/4809087/"
"1711315315-233","https://www.pexels.com/search/videos/waterfall/?orientation=portrait","Download","https://www.pexels.com/download/video/5386415/"
"1711315315-234","https://www.pexels.com/search/videos/waterfall/?orientation=portrait","Download","https://www.pexels.com/download/video/5827663/"
"1711315315-235","https://www.pexels.com/search/videos/waterfall/?orientation=portrait","Download","https://www.pexels.com/download/video/3602429/"
"1711315315-236","https://www.pexels.com/search/videos/waterfall/?orientation=portrait","Download","https://www.pexels.com/download/video/5818609/"
"1711315315-237","https://www.pexels.com/search/videos/waterfall/?orientation=portrait","Download","https://www.pexels.com/download/video/6477958/"
"1711315315-238","https://www.pexels.com/search/videos/waterfall/?orientation=portrait","Download","https://www.pexels.com/download/video/4631599/"
"1711315315-239","https://www.pexels.com/search/videos/waterfall/?orientation=portrait","Download","https://www.pexels.com/download/video/13600173/"
"1711315315-240","https://www.pexels.com/search/videos/waterfall/?orientation=portrait","Download","https://www.pexels.com/download/video/5415978/"
"1711315315-241","https://www.pexels.com/search/videos/waterfall/?orientation=portrait","Download","https://www.pexels.com/download/video/6291869/"
"1711315315-242","https://www.pexels.com/search/videos/waterfall/?orientation=portrait","Download","https://www.pexels.com/download/video/12374314/"
"1711315315-243","https://www.pexels.com/search/videos/waterfall/?orientation=portrait","Download","https://www.pexels.com/download/video/8859842/"
"1711315315-244","https://www.pexels.com/search/videos/waterfall/?orientation=portrait","Download","https://www.pexels.com/download/video/15570935/"
"1711315315-245","https://www.pexels.com/search/videos/waterfall/?orientation=portrait","Download","https://www.pexels.com/download/video/5580493/"
"1711315315-246","https://www.pexels.com/search/videos/waterfall/?orientation=portrait","Download","https://www.pexels.com/download/video/5415980/"
"1711315315-247","https://www.pexels.com/search/videos/waterfall/?orientation=portrait","Download","https://www.pexels.com/download/video/15706629/"
"1711315315-248","https://www.pexels.com/search/videos/waterfall/?orientation=portrait","Download","https://www.pexels.com/download/video/5386412/"
"1711315315-249","https://www.pexels.com/search/videos/waterfall/?orientation=portrait","Download","https://www.pexels.com/download/video/4372632/"
"1711315315-250","https://www.pexels.com/search/videos/waterfall/?orientation=portrait","Download","https://www.pexels.com/download/video/4762737/"
"1711315315-251","https://www.pexels.com/search/videos/waterfall/?orientation=portrait","Download","https://www.pexels.com/download/video/8858534/"
"1711315315-252","https://www.pexels.com/search/videos/waterfall/?orientation=portrait","Download","https://www.pexels.com/download/video/12327216/"
"1711315315-253","https://www.pexels.com/search/videos/waterfall/?orientation=portrait","Download","https://www.pexels.com/download/video/4434373/"
"1711315315-254","https://www.pexels.com/search/videos/waterfall/?orientation=portrait","Download","https://www.pexels.com/download/video/4150136/"
"1711315315-255","https://www.pexels.com/search/videos/waterfall/?orientation=portrait","Download","https://www.pexels.com/download/video/4169233/"
"1711315315-256","https://www.pexels.com/search/videos/waterfall/?orientation=portrait","Download","https://www.pexels.com/download/video/9683458/"
"1711315315-257","https://www.pexels.com/search/videos/waterfall/?orientation=portrait","Download","https://www.pexels.com/download/video/9395916/"
"1711315315-258","https://www.pexels.com/search/videos/waterfall/?orientation=portrait","Download","https://www.pexels.com/download/video/15579573/"
"1711315315-259","https://www.pexels.com/search/videos/waterfall/?orientation=portrait","Download","https://www.pexels.com/download/video/8832088/"
"1711315315-260","https://www.pexels.com/search/videos/waterfall/?orientation=portrait","Download","https://www.pexels.com/download/video/12955734/"
"1711315315-261","https://www.pexels.com/search/videos/waterfall/?orientation=portrait","Download","https://www.pexels.com/download/video/13703511/"
"1711315315-262","https://www.pexels.com/search/videos/waterfall/?orientation=portrait","Download","https://www.pexels.com/download/video/9755176/"
"1711315315-263","https://www.pexels.com/search/videos/waterfall/?orientation=portrait","Download","https://www.pexels.com/download/video/9936830/"
"1711315315-264","https://www.pexels.com/search/videos/waterfall/?orientation=portrait","Download","https://www.pexels.com/download/video/11513461/"
"1711315315-265","https://www.pexels.com/search/videos/waterfall/?orientation=portrait","Download","https://www.pexels.com/download/video/12105579/"
"1711315315-266","https://www.pexels.com/search/videos/waterfall/?orientation=portrait","Download","https://www.pexels.com/download/video/10008516/"
"1711315315-267","https://www.pexels.com/search/videos/waterfall/?orientation=portrait","Download","https://www.pexels.com/download/video/13835378/"
"1711315315-268","https://www.pexels.com/search/videos/waterfall/?orientation=portrait","Download","https://www.pexels.com/download/video/12110531/"
"1711315315-269","https://www.pexels.com/search/videos/waterfall/?orientation=portrait","Download","https://www.pexels.com/download/video/12332401/"
"1711315315-270","https://www.pexels.com/search/videos/waterfall/?orientation=portrait","Download","https://www.pexels.com/download/video/16039277/"
"1711315315-271","https://www.pexels.com/search/videos/waterfall/?orientation=portrait","Download","https://www.pexels.com/download/video/11268641/"
"1711315315-272","https://www.pexels.com/search/videos/waterfall/?orientation=portrait","Download","https://www.pexels.com/download/video/10838558/"
"1711315315-273","https://www.pexels.com/search/videos/waterfall/?orientation=portrait","Download","https://www.pexels.com/download/video/9256057/"
"1711315315-274","https://www.pexels.com/search/videos/waterfall/?orientation=portrait","Download","https://www.pexels.com/download/video/10246452/"
"1711315315-275","https://www.pexels.com/search/videos/waterfall/?orientation=portrait","Download","https://www.pexels.com/download/video/8433742/"
"1711315315-276","https://www.pexels.com/search/videos/waterfall/?orientation=portrait","Download","https://www.pexels.com/download/video/15555524/"
"1711315315-277","https://www.pexels.com/search/videos/waterfall/?orientation=portrait","Download","https://www.pexels.com/download/video/14622259/"
"1711315315-278","https://www.pexels.com/search/videos/waterfall/?orientation=portrait","Download","https://www.pexels.com/download/video/16644248/"
"1711315315-279","https://www.pexels.com/search/videos/waterfall/?orientation=portrait","Download","https://www.pexels.com/download/video/10946793/"
"1711315315-280","https://www.pexels.com/search/videos/waterfall/?orientation=portrait","Download","https://www.pexels.com/download/video/12635204/"
"1711315315-281","https://www.pexels.com/search/videos/waterfall/?orientation=portrait","Download","https://www.pexels.com/download/video/9297819/"
"1711315315-282","https://www.pexels.com/search/videos/waterfall/?orientation=portrait","Download","https://www.pexels.com/download/video/10881353/"
"1711315315-283","https://www.pexels.com/search/videos/waterfall/?orientation=portrait","Download","https://www.pexels.com/download/video/10382686/"
"1711315315-284","https://www.pexels.com/search/videos/waterfall/?orientation=portrait","Download","https://www.pexels.com/download/video/10478847/"
"1711315315-285","https://www.pexels.com/search/videos/waterfall/?orientation=portrait","Download","https://www.pexels.com/download/video/9936835/"
"1711315315-286","https://www.pexels.com/search/videos/waterfall/?orientation=portrait","Download","https://www.pexels.com/download/video/11154927/"
"1711315315-287","https://www.pexels.com/search/videos/waterfall/?orientation=portrait","Download","https://www.pexels.com/download/video/9709651/"
"1711315315-288","https://www.pexels.com/search/videos/waterfall/?orientation=portrait","Download","https://www.pexels.com/download/video/12001521/"
"1711315315-289","https://www.pexels.com/search/videos/waterfall/?orientation=portrait","Download","https://www.pexels.com/download/video/13369453/"
"1711315315-290","https://www.pexels.com/search/videos/waterfall/?orientation=portrait","Download","https://www.pexels.com/download/video/11867678/"
"1711315315-291","https://www.pexels.com/search/videos/waterfall/?orientation=portrait","Download","https://www.pexels.com/download/video/14238854/"
"1711315315-292","https://www.pexels.com/search/videos/waterfall/?orientation=portrait","Download","https://www.pexels.com/download/video/11260393/"
"1711315315-293","https://www.pexels.com/search/videos/waterfall/?orientation=portrait","Download","https://www.pexels.com/download/video/11351396/"
"1711315315-294","https://www.pexels.com/search/videos/waterfall/?orientation=portrait","Download","https://www.pexels.com/download/video/14456549/"
"1711315315-295","https://www.pexels.com/search/videos/waterfall/?orientation=portrait","Download","https://www.pexels.com/download/video/10382682/"
"1711315315-296","https://www.pexels.com/search/videos/waterfall/?orientation=portrait","Download","https://www.pexels.com/download/video/10382696/"
"1711315315-297","https://www.pexels.com/search/videos/waterfall/?orientation=portrait","Download","https://www.pexels.com/download/video/10315162/"
"1711315315-298","https://www.pexels.com/search/videos/waterfall/?orientation=portrait","Download","https://www.pexels.com/download/video/13044932/"
"1711315315-299","https://www.pexels.com/search/videos/waterfall/?orientation=portrait","Download","https://www.pexels.com/download/video/9780512/"
"1711315315-300","https://www.pexels.com/search/videos/waterfall/?orientation=portrait","Download","https://www.pexels.com/download/video/12069687/"
"1711315315-301","https://www.pexels.com/search/videos/waterfall/?orientation=portrait","Download","https://www.pexels.com/download/video/12557291/"
"1711315315-302","https://www.pexels.com/search/videos/waterfall/?orientation=portrait","Download","https://www.pexels.com/download/video/9748830/"
"1711315315-303","https://www.pexels.com/search/videos/waterfall/?orientation=portrait","Download","https://www.pexels.com/download/video/11931786/"
"1711315315-304","https://www.pexels.com/search/videos/waterfall/?orientation=portrait","Download","https://www.pexels.com/download/video/12332332/"
"1711315315-305","https://www.pexels.com/search/videos/waterfall/?orientation=portrait","Download","https://www.pexels.com/download/video/13068563/"
"1711315315-306","https://www.pexels.com/search/videos/waterfall/?orientation=portrait","Download","https://www.pexels.com/download/video/17754024/"
"1711315315-307","https://www.pexels.com/search/videos/waterfall/?orientation=portrait","Download","https://www.pexels.com/download/video/11469060/"
"1711315315-308","https://www.pexels.com/search/videos/waterfall/?orientation=portrait","Download","https://www.pexels.com/download/video/9847163/"
"1711315315-309","https://www.pexels.com/search/videos/waterfall/?orientation=portrait","Download","https://www.pexels.com/download/video/10527055/"
"1711315315-310","https://www.pexels.com/search/videos/waterfall/?orientation=portrait","Download","https://www.pexels.com/download/video/10297371/"
"1711315315-311","https://www.pexels.com/search/videos/waterfall/?orientation=portrait","Download","https://www.pexels.com/download/video/11292539/"
"1711315315-312","https://www.pexels.com/search/videos/waterfall/?orientation=portrait","Download","https://www.pexels.com/download/video/13878298/"
"1711315315-313","https://www.pexels.com/search/videos/waterfall/?orientation=portrait","Download","https://www.pexels.com/download/video/10246447/"
"1711315315-314","https://www.pexels.com/search/videos/waterfall/?orientation=portrait","Download","https://www.pexels.com/download/video/15706732/"
"1711315315-315","https://www.pexels.com/search/videos/waterfall/?orientation=portrait","Download","https://www.pexels.com/download/video/10135717/"
"1711315315-316","https://www.pexels.com/search/videos/waterfall/?orientation=portrait","Download","https://www.pexels.com/download/video/12243472/"
"1711315315-317","https://www.pexels.com/search/videos/waterfall/?orientation=portrait","Download","https://www.pexels.com/download/video/13210908/"
"1711315315-318","https://www.pexels.com/search/videos/waterfall/?orientation=portrait","Download","https://www.pexels.com/download/video/20753739/"
"1711315315-319","https://www.pexels.com/search/videos/waterfall/?orientation=portrait","Download","https://www.pexels.com/download/video/20752412/"
"1711315315-320","https://www.pexels.com/search/videos/waterfall/?orientation=portrait","Download","https://www.pexels.com/download/video/20735720/"
"1711315315-321","https://www.pexels.com/search/videos/waterfall/?orientation=portrait","Download","https://www.pexels.com/download/video/5162942/"
"1711315315-322","https://www.pexels.com/search/videos/waterfall/?orientation=portrait","Download","https://www.pexels.com/download/video/5631503/"
"1711315315-323","https://www.pexels.com/search/videos/waterfall/?orientation=portrait","Download","https://www.pexels.com/download/video/4488285/"
"1711315315-324","https://www.pexels.com/search/videos/waterfall/?orientation=portrait","Download","https://www.pexels.com/download/video/7438477/"
"1711315315-325","https://www.pexels.com/search/videos/waterfall/?orientation=portrait","Download","https://www.pexels.com/download/video/4937039/"
"1711315315-326","https://www.pexels.com/search/videos/waterfall/?orientation=portrait","Download","https://www.pexels.com/download/video/4809091/"
"1711315315-327","https://www.pexels.com/search/videos/waterfall/?orientation=portrait","Download","https://www.pexels.com/download/video/6414789/"
"1711315315-328","https://www.pexels.com/search/videos/waterfall/?orientation=portrait","Download","https://www.pexels.com/download/video/8859840/"
"1711315315-329","https://www.pexels.com/search/videos/waterfall/?orientation=portrait","Download","https://www.pexels.com/download/video/4169197/"
"1711315315-330","https://www.pexels.com/search/videos/waterfall/?orientation=portrait","Download","https://www.pexels.com/download/video/5830743/"
"1711315315-331","https://www.pexels.com/search/videos/waterfall/?orientation=portrait","Download","https://www.pexels.com/download/video/4306390/"
"1711315315-332","https://www.pexels.com/search/videos/waterfall/?orientation=portrait","Download","https://www.pexels.com/download/video/5010567/"
"1711315315-333","https://www.pexels.com/search/videos/waterfall/?orientation=portrait","Download","https://www.pexels.com/download/video/8858532/"
"1711315315-334","https://www.pexels.com/search/videos/waterfall/?orientation=portrait","Download","https://www.pexels.com/download/video/5580491/"
"1711315315-335","https://www.pexels.com/search/videos/waterfall/?orientation=portrait","Download","https://www.pexels.com/download/video/5761449/"
"1711315315-336","https://www.pexels.com/search/videos/waterfall/?orientation=portrait","Download","https://www.pexels.com/download/video/20725387/"
